validation_loss_step/epoch_0,step,training_loss,epoch,validation_loss_epoch
0.38450026512145996,0,,,
0.38154804706573486,1,,,
,9,0.30848631262779236,0,
,19,0.18341946601867676,0,
,29,0.13158394396305084,0,
,39,0.11587121337652206,0,
,49,0.1007244884967804,0,
,59,0.08242352306842804,0,
,69,0.0714128240942955,0,
,79,0.06938329339027405,0,
,89,0.06513316929340363,0,
,99,0.05249575152993202,0,
,109,0.04978922754526138,0,
,119,0.04656460881233215,0,
,129,0.044189367443323135,0,
,139,0.04479527100920677,0,
,149,0.04111386463046074,0,
,159,0.04083441570401192,0,
,169,0.03871705383062363,0,
,179,0.03395328298211098,0,
,189,0.03478593751788139,0,
,199,0.030879145488142967,0,
,209,0.031439121812582016,0,
,219,0.03782038763165474,0,
,229,0.03519120812416077,0,
,239,0.03164302930235863,0,
,249,0.03088945336639881,0,
,259,0.03423233702778816,0,
,269,0.02792517840862274,0,
,279,0.0341450497508049,0,
,289,0.029794221743941307,0,
,299,0.030656451359391212,0,
,309,0.030432790517807007,0,
,319,0.02813272923231125,0,
,329,0.031999386847019196,0,
,339,0.037832897156476974,0,
,349,0.03430778160691261,0,
,359,0.02775215543806553,0,
,369,0.0308344978839159,0,
,379,0.029696950688958168,0,
,389,0.03043161891400814,0,
,399,0.02916962280869484,0,
,409,0.024235539138317108,0,
,419,0.02463645115494728,0,
,429,0.027822503820061684,0,
,439,0.024767156690359116,0,
,449,0.03134705871343613,0,
,459,0.026274356991052628,0,
,469,0.024024425074458122,0,
,479,0.024386826902627945,0,
,489,0.028952162712812424,0,
,499,0.02880055271089077,0,
,509,0.024636274203658104,0,
,519,0.0247246865183115,0,
,529,0.027110686525702477,0,
,539,0.027677854523062706,0,
,549,0.026277700439095497,0,
,559,0.026727627962827682,0,
,569,0.0242051649838686,0,
,579,0.028781788423657417,0,
,589,0.028833774849772453,0,
,599,0.029202206060290337,0,
,609,0.02460242435336113,0,
,619,0.024845439940690994,0,
,629,0.027663426473736763,0,
,639,0.02678750641644001,0,
,649,0.02635536901652813,0,
,659,0.02335810661315918,0,
,669,0.0300454068928957,0,
,679,0.02273145504295826,0,
,689,0.02562340721487999,0,
,699,0.020853927358984947,0,
,709,0.02817782387137413,0,
,719,0.0248587504029274,0,
,729,0.022411344572901726,0,
,739,0.026371248066425323,0,
,749,0.027627993375062943,0,
,759,0.02638687752187252,0,
,769,0.02956879325211048,0,
,779,0.03088773973286152,0,
,789,0.021058985963463783,0,
,799,0.028347283601760864,0,
,809,0.027268001809716225,0,
,819,0.021305406466126442,0,
,829,0.023655621334910393,0,
,839,0.02132542058825493,0,
,849,0.02877301163971424,0,
,859,0.02271992340683937,0,
,869,0.028098182752728462,0,
,879,0.019592449069023132,0,
,889,0.027416523545980453,0,
,899,0.031355876475572586,0,
,909,0.027702603489160538,0,
,919,0.025287140160799026,0,
,929,0.02133507840335369,0,
,939,0.02074158936738968,0,
,949,0.019585631787776947,0,
,959,0.02746926248073578,0,
,969,0.02275003120303154,0,
,979,0.02028289996087551,0,
,989,0.019192129373550415,0,
,999,0.030084770172834396,0,
,1009,0.02909247577190399,0,
,1019,0.02453562803566456,0,
,1029,0.02677886188030243,0,
,1039,0.02176576480269432,0,
,1049,0.020310502499341965,0,
,1059,0.02936434932053089,0,
,1069,0.024854131042957306,0,
,1079,0.0206973385065794,0,
,1089,0.025040870532393456,0,
,1099,0.0313757099211216,0,
,1109,0.022760475054383278,0,
,1119,0.02275361865758896,0,
,1129,0.026837926357984543,0,
,1139,0.02354949153959751,0,
,1149,0.021436413750052452,0,
,1159,0.023333726450800896,0,
,1169,0.022816967219114304,0,
,1179,0.026127992197871208,0,
,1189,0.022889625281095505,0,
,1199,0.024581629782915115,0,
,1209,0.021731551736593246,0,
,1219,0.025229617953300476,0,
,1229,0.019964709877967834,0,
,1239,0.024563493207097054,0,
,1249,0.019464245066046715,0,
,1259,0.019921189174056053,0,
,1269,0.024486107751727104,0,
,1279,0.021031919866800308,0,
,1289,0.025719933211803436,0,
,1299,0.02717439830303192,0,
,1309,0.02670699916779995,0,
,1319,0.024166427552700043,0,
,1329,0.018444808200001717,0,
,1339,0.022456323727965355,0,
,1349,0.019282953813672066,0,
,1359,0.024963155388832092,0,
,1369,0.019271129742264748,0,
,1379,0.02594177797436714,0,
,1389,0.02032574638724327,0,
,1399,0.026924168691039085,0,
,1409,0.022069009020924568,0,
,1419,0.02165262959897518,0,
,1429,0.02113172598183155,0,
,1439,0.02024269476532936,0,
,1449,0.023681694641709328,0,
,1459,0.01930908113718033,0,
,1469,0.024523643776774406,0,
,1479,0.02305530570447445,0,
,1489,0.018880555406212807,0,
,1499,0.01727217435836792,0,
,1509,0.02213035151362419,0,
,1519,0.021915869787335396,0,
,1529,0.023956991732120514,0,
,1539,0.02154841460287571,0,
,1549,0.023168066516518593,0,
,1559,0.020532062277197838,0,
,1569,0.018925253301858902,0,
,1579,0.027019890025258064,0,
,1589,0.021357111632823944,0,
,1599,0.024588236585259438,0,
,1609,0.037217818200588226,0,
,1619,0.024042172357439995,0,
,1629,0.019554315134882927,0,
,1639,0.023314816877245903,0,
,1649,0.02294963411986828,0,
,1659,0.022083939984440804,0,
,1669,0.02197636105120182,0,
,1679,0.025250453501939774,0,
,1689,0.023009052500128746,0,
,1699,0.026705196127295494,0,
,1709,0.02367711439728737,0,
,1719,0.02643769606947899,0,
,1729,0.026780709624290466,0,
,1739,0.02938852086663246,0,
,1749,0.019268501549959183,0,
,1759,0.019199375063180923,0,
,1769,0.02371663972735405,0,
,1779,0.024526230990886688,0,
,1789,0.023999737575650215,0,
,1799,0.020510254427790642,0,
,1809,0.020767148584127426,0,
,1819,0.025781109929084778,0,
,1829,0.018666863441467285,0,
,1839,0.02308214269578457,0,
,1849,0.021641096100211143,0,
,1859,0.020472802221775055,0,
,1869,0.019840924069285393,0,
,1879,0.020055266097187996,0,
,1889,0.0192842036485672,0,
,1899,0.022924037650227547,0,
,1909,0.021360184997320175,0,
,1919,0.027503181248903275,0,
,1929,0.02051592618227005,0,
,1939,0.02588529698550701,0,
,1949,0.018212856724858284,0,
,1959,0.019755762070417404,0,
,1969,0.020865725353360176,0,
,1979,0.03157682716846466,0,
,1989,0.019512485712766647,0,
,1999,0.024128424003720284,0,
,2009,0.020009739324450493,0,
,2019,0.019659720361232758,0,
,2029,0.017223428934812546,0,
,2039,0.021243413910269737,0,
,2049,0.03612435236573219,0,
,2059,0.02062326669692993,0,
,2069,0.02236918732523918,0,
,2079,0.03593924269080162,0,
,2089,0.03525653854012489,0,
,2099,0.027219688519835472,0,
,2109,0.017067600041627884,0,
,2119,0.017587577924132347,0,
,2129,0.023641062900424004,0,
,2139,0.02560339868068695,0,
,2149,0.020900610834360123,0,
,2159,0.021032419055700302,0,
,2169,0.027477465569972992,0,
,2179,0.015984302386641502,0,
,2189,0.02159937284886837,0,
,2199,0.026766905561089516,0,
,2209,0.021665891632437706,0,
,2219,0.018518870696425438,0,
,2229,0.019521396607160568,0,
,2239,0.02351311780512333,0,
,2249,0.017731746658682823,0,
,2259,0.02475406974554062,0,
,2269,0.02277020737528801,0,
,2279,0.02990109473466873,0,
,2289,0.021911591291427612,0,
,2299,0.020563112571835518,0,
,2309,0.019090957939624786,0,
,2319,0.02216540277004242,0,
,2329,0.018824784085154533,0,
,2339,0.01781381480395794,0,
,2349,0.02554520033299923,0,
,2359,0.02087351866066456,0,
,2369,0.020525069907307625,0,
,2379,0.018987948074936867,0,
,2389,0.021040350198745728,0,
,2399,0.02112535387277603,0,
,2409,0.018992869183421135,0,
,2419,0.01803705096244812,0,
,2429,0.024550829082727432,0,
,2439,0.022682134062051773,0,
,2449,0.023636313155293465,0,
,2459,0.018497595563530922,0,
,2469,0.0234083142131567,0,
,2479,0.01944553293287754,0,
,2489,0.019158201292157173,0,
,2499,0.015599805861711502,0,
,2509,0.01846625842154026,0,
,2519,0.02305505983531475,0,
,2529,0.02593090385198593,0,
,2539,0.02304067648947239,0,
,2549,0.024228030815720558,0,
,2559,0.027806716039776802,0,
,2569,0.0197789054363966,0,
,2579,0.021443240344524384,0,
,2589,0.018127597868442535,0,
,2599,0.02214980684220791,0,
,2609,0.018242739140987396,0,
,2619,0.020205896347761154,0,
,2629,0.02160545438528061,0,
,2639,0.020747477188706398,0,
,2649,0.024413546547293663,0,
,2659,0.027627911418676376,0,
,2669,0.01905111037194729,0,
,2679,0.024465376511216164,0,
,2689,0.027571285143494606,0,
,2699,0.01934736967086792,0,
,2709,0.01998864859342575,0,
,2719,0.018717871978878975,0,
,2729,0.020383430644869804,0,
,2739,0.0207343939691782,0,
,2749,0.018354065716266632,0,
,2759,0.021339034661650658,0,
,2769,0.017413217574357986,0,
,2779,0.019236912950873375,0,
,2789,0.0174985583871603,0,
,2799,0.017933625727891922,0,
,2809,0.017852451652288437,0,
,2819,0.022319938987493515,0,
,2829,0.020185455679893494,0,
,2839,0.020840944722294807,0,
,2849,0.019242357462644577,0,
,2859,0.026559369638562202,0,
,2869,0.0167352557182312,0,
,2879,0.019597938284277916,0,
,2889,0.03227120637893677,0,
,2899,0.02634633518755436,0,
,2909,0.020189670845866203,0,
,2919,0.016765573993325233,0,
,2929,0.02071075327694416,0,
,2939,0.020086444914340973,0,
,2949,0.01719544641673565,0,
,2959,0.01527160219848156,0,
,2969,0.020812423899769783,0,
,2979,0.019224075600504875,0,
,2989,0.017124293372035027,0,
,2999,0.015779763460159302,0,
,3009,0.023189136758446693,0,
,3019,0.017979586496949196,0,
,3029,0.018454425036907196,0,
,3039,0.0220761988312006,0,
,3049,0.015034548938274384,0,
,3059,0.02302786149084568,0,
,3069,0.02135026827454567,0,
,3079,0.01938318833708763,0,
,3089,0.018210621550679207,0,
,3099,0.017635421827435493,0,
,3109,0.02279754728078842,0,
,3119,0.021868200972676277,0,
,3129,0.01665930449962616,0,
,3139,0.02288222871720791,0,
,3149,0.01807362586259842,0,
,3159,0.01966230571269989,0,
,3169,0.020382516086101532,0,
,3179,0.02086922712624073,0,
,3189,0.01851472444832325,0,
,3199,0.016795741394162178,0,
,3209,0.01800292730331421,0,
,3219,0.018905354663729668,0,
,3229,0.01434364728629589,0,
,3239,0.0196211077272892,0,
,3249,0.017013072967529297,0,
,3259,0.019518429413437843,0,
,3269,0.02067595347762108,0,
,3279,0.016951706260442734,0,
,3289,0.019544150680303574,0,
,3299,0.014880005270242691,0,
,3309,0.017618486657738686,0,
,3319,0.0172206312417984,0,
,3329,0.01809432916343212,0,
,3339,0.01719408668577671,0,
,3349,0.015650933608412743,0,
,3359,0.01928246207535267,0,
,3369,0.01858023926615715,0,
,3379,0.024262629449367523,0,
,3389,0.020644498988986015,0,
,3399,0.020582027733325958,0,
,3409,0.02020093984901905,0,
,3419,0.018261509016156197,0,
,3429,0.01724623516201973,0,
,3439,0.018358595669269562,0,
,3449,0.017027994617819786,0,
,3459,0.021424489095807076,0,
,3469,0.018814420327544212,0,
,3479,0.018477389588952065,0,
,3489,0.02389748953282833,0,
,3499,0.023851046338677406,0,
,3509,0.01660531386733055,0,
,3519,0.016599897295236588,0,
,3529,0.015954017639160156,0,
,3539,0.019497180357575417,0,
,3549,0.018917232751846313,0,
,3559,0.018948275595903397,0,
,3569,0.0174566563218832,0,
,3579,0.017121586948633194,0,
,3589,0.017429489642381668,0,
,3599,0.01824783906340599,0,
,3609,0.018775256350636482,0,
,3619,0.018936127424240112,0,
,3629,0.018077008426189423,0,
,3639,0.018447767943143845,0,
,3649,0.01727706752717495,0,
,3659,0.017500491812825203,0,
,3669,0.018681887537240982,0,
,3679,0.019231345504522324,0,
,3689,0.025794710963964462,0,
,3699,0.01836578920483589,0,
,3709,0.015854137018322945,0,
,3719,0.01958133839070797,0,
,3729,0.021751483902335167,0,
,3739,0.018065927550196648,0,
,3749,0.01858861930668354,0,
,3759,0.016850698739290237,0,
,3769,0.016783811151981354,0,
,3779,0.02709401398897171,0,
,3789,0.02160002663731575,0,
,3799,0.01542914193123579,0,
,3809,0.02174464613199234,0,
,3819,0.023064184933900833,0,
,3829,0.022300664335489273,0,
,3839,0.01980830356478691,0,
,3849,0.020453432574868202,0,
,3859,0.0200505368411541,0,
,3869,0.01647849753499031,0,
,3879,0.023613423109054565,0,
,3889,0.02213473804295063,0,
,3899,0.024989856407046318,0,
,3909,0.020431827753782272,0,
,3919,0.018875744193792343,0,
,3929,0.01852097176015377,0,
,3939,0.0171049777418375,0,
,3949,0.02419946901500225,0,
,3959,0.01587972231209278,0,
,3969,0.014905660413205624,0,
,3979,0.016285941004753113,0,
,3989,0.017457135021686554,0,
,3999,0.01663273572921753,0,
,4009,0.025889193639159203,0,
,4019,0.01779787987470627,0,
,4029,0.020185476168990135,0,
,4039,0.016802750527858734,0,
,4049,0.018439944833517075,0,
,4059,0.018891043961048126,0,
,4069,0.01759929582476616,0,
,4079,0.02152513526380062,0,
,4089,0.019411584362387657,0,
,4099,0.019626017659902573,0,
,4109,0.020209435373544693,0,
,4119,0.018765244632959366,0,
,4129,0.017509544268250465,0,
,4139,0.021265601739287376,0,
,4149,0.023525305092334747,0,
,4159,0.016371002420783043,0,
,4169,0.015111817046999931,0,
,4179,0.020969368517398834,0,
,4189,0.019011251628398895,0,
,4199,0.016513578593730927,0,
,4209,0.01476359087973833,0,
,4219,0.019472762942314148,0,
,4229,0.01807958073914051,0,
,4239,0.012094851583242416,0,
,4249,0.019967198371887207,0,
,4259,0.0139501066878438,0,
,4269,0.020645981654524803,0,
,4279,0.01490437425673008,0,
,4289,0.020035317167639732,0,
,4299,0.017617633566260338,0,
,4309,0.018332481384277344,0,
,4319,0.014855398796498775,0,
,4329,0.020308805629611015,0,
,4339,0.02226000465452671,0,
,4349,0.019805967807769775,0,
,4359,0.019925035536289215,0,
,4369,0.015698326751589775,0,
,4379,0.01885967329144478,0,
,4389,0.01583940163254738,0,
,4399,0.024181406944990158,0,
,4409,0.017662284895777702,0,
,4419,0.014339221641421318,0,
,4429,0.020086944103240967,0,
,4439,0.022887207567691803,0,
,4449,0.023568520322442055,0,
,4459,0.02168303355574608,0,
,4469,0.015163582749664783,0,
,4479,0.02239249274134636,0,
,4489,0.017668385058641434,0,
,4499,0.01855136640369892,0,
,4509,0.020053895190358162,0,
,4519,0.016065815463662148,0,
,4529,0.01809714362025261,0,
,4539,0.01370476745069027,0,
,4549,0.014800334349274635,0,
,4559,0.018218908458948135,0,
,4569,0.01610296405851841,0,
,4579,0.0151883065700531,0,
,4589,0.017214592546224594,0,
,4599,0.018191179260611534,0,
,4609,0.013675821013748646,0,
,4619,0.0159735307097435,0,
,4629,0.01613105647265911,0,
,4639,0.015024877153337002,0,
,4649,0.014614629559218884,0,
,4659,0.015600821934640408,0,
,4669,0.015778284519910812,0,
,4679,0.017492186278104782,0,
,4689,0.017313972115516663,0,
,4699,0.018359621986746788,0,
,4709,0.01434695441275835,0,
,4719,0.02006406895816326,0,
,4729,0.016546746715903282,0,
,4739,0.01833398826420307,0,
,4749,0.016922717913985252,0,
,4759,0.011530162766575813,0,
,4769,0.014194603078067303,0,
,4779,0.01961519941687584,0,
,4789,0.01983705721795559,0,
,4799,0.018555747345089912,0,
,4809,0.013949316926300526,0,
,4819,0.020403670147061348,0,
,4829,0.014235400594770908,0,
,4839,0.016735704615712166,0,
,4849,0.014943703077733517,0,
,4859,0.01571688987314701,0,
,4869,0.014861412346363068,0,
,4879,0.015152530744671822,0,
,4889,0.01868441328406334,0,
,4899,0.025329425930976868,0,
,4909,0.021494684740900993,0,
,4919,0.01589842513203621,0,
,4929,0.01684235781431198,0,
,4939,0.017697270959615707,0,
,4949,0.017348114401102066,0,
0.018991775810718536,0,,,
0.02458663284778595,1,,,
0.019079923629760742,2,,,
0.023497324436903,3,,,
0.021807989105582237,4,,,
0.0190466046333313,5,,,
0.019544463604688644,6,,,
0.019343623891472816,7,,,
0.020058542490005493,8,,,
0.020546140149235725,9,,,
0.020034749060869217,10,,,
0.018727898597717285,11,,,
0.019641611725091934,12,,,
0.01845189929008484,13,,,
0.02073175273835659,14,,,
0.022081466391682625,15,,,
0.019947199150919914,16,,,
0.018995488062500954,17,,,
0.018658963963389397,18,,,
0.02050219289958477,19,,,
0.022163880988955498,20,,,
0.018778614699840546,21,,,
0.01920577883720398,22,,,
0.02058965526521206,23,,,
0.021511279046535492,24,,,
0.019683388993144035,25,,,
0.02034633979201317,26,,,
0.018739446997642517,27,,,
0.021041691303253174,28,,,
0.019975299015641212,29,,,
0.019681988283991814,30,,,
0.018629174679517746,31,,,
0.019343210384249687,32,,,
0.019539879634976387,33,,,
0.01886843331158161,34,,,
0.019369324669241905,35,,,
0.01938028074800968,36,,,
0.019331268966197968,37,,,
0.019956624135375023,38,,,
0.01965012028813362,39,,,
0.01924525573849678,40,,,
0.019087161868810654,41,,,
0.01880694553256035,42,,,
0.019519031047821045,43,,,
0.01920408010482788,44,,,
0.02003684639930725,45,,,
0.020738134160637856,46,,,
0.01924252137541771,47,,,
0.01898370124399662,48,,,
0.02022826299071312,49,,,
0.018843552097678185,50,,,
0.020137658342719078,51,,,
0.018312670290470123,52,,,
0.0200571920722723,53,,,
0.0205636378377676,54,,,
0.019301490858197212,55,,,
0.019769739359617233,56,,,
0.020059913396835327,57,,,
0.01840333268046379,58,,,
0.02009963057935238,59,,,
0.01956910453736782,60,,,
0.02003541775047779,61,,,
0.01963461935520172,62,,,
0.019839322194457054,63,,,
0.0194594357162714,64,,,
0.018667038530111313,65,,,
0.019416989758610725,66,,,
0.019074423238635063,67,,,
0.021089373156428337,68,,,
0.01950894668698311,69,,,
0.019196437671780586,70,,,
0.019402649253606796,71,,,
0.018612142652273178,72,,,
0.019383087754249573,73,,,
0.018869895488023758,74,,,
0.020078584551811218,75,,,
0.019257405772805214,76,,,
0.019315537065267563,77,,,
0.020146014168858528,78,,,
0.01945190131664276,79,,,
0.02107037603855133,80,,,
0.0198272205889225,81,,,
0.01838516630232334,82,,,
0.02429077960550785,83,,,
0.018972478806972504,84,,,
0.020322730764746666,85,,,
0.01997380517423153,86,,,
0.019093913957476616,87,,,
0.020428596064448357,88,,,
0.019786076620221138,89,,,
0.019631389528512955,90,,,
0.02033616229891777,91,,,
0.019342880696058273,92,,,
0.02227652817964554,93,,,
0.018858827650547028,94,,,
0.018878482282161713,95,,,
0.01928287371993065,96,,,
0.018220098689198494,97,,,
0.019827723503112793,98,,,
0.020627787336707115,99,,,
0.018708663061261177,100,,,
0.018922721967101097,101,,,
0.018419450148940086,102,,,
0.025035101920366287,103,,,
0.019968703389167786,104,,,
0.019067255780100822,105,,,
0.020282698795199394,106,,,
0.019858025014400482,107,,,
0.019986392930150032,108,,,
0.019036490470170975,109,,,
0.019407790154218674,110,,,
0.01950650103390217,111,,,
0.01765991374850273,112,,,
0.018975041806697845,113,,,
0.020229239016771317,114,,,
0.019622689113020897,115,,,
0.020599087700247765,116,,,
0.02202722430229187,117,,,
0.021259596571326256,118,,,
0.018642282113432884,119,,,
0.021054621785879135,120,,,
0.018860535696148872,121,,,
0.018407516181468964,122,,,
0.018289217725396156,123,,,
0.01868963986635208,124,,,
0.01994088850915432,125,,,
0.01825953833758831,126,,,
0.020557641983032227,127,,,
0.019322918727993965,128,,,
0.018852846696972847,129,,,
0.019059540703892708,130,,,
0.01910913549363613,131,,,
0.02042039856314659,132,,,
0.01957261748611927,133,,,
0.01975678652524948,134,,,
0.019102565944194794,135,,,
0.020925140008330345,136,,,
0.019538434222340584,137,,,
0.019532043486833572,138,,,
0.017772655934095383,139,,,
0.019217388704419136,140,,,
0.01868300326168537,141,,,
0.0186622254550457,142,,,
0.019266899675130844,143,,,
0.01861214078962803,144,,,
0.018620258197188377,145,,,
0.019687704741954803,146,,,
0.020697014406323433,147,,,
0.020339099690318108,148,,,
0.021703045815229416,149,,,
0.02092663384974003,150,,,
0.01908091828227043,151,,,
0.01998909004032612,152,,,
0.01847544126212597,153,,,
0.020144924521446228,154,,,
0.019285662099719048,155,,,
0.02005506306886673,156,,,
0.023298360407352448,157,,,
0.01869935542345047,158,,,
0.019732700660824776,159,,,
0.021957755088806152,160,,,
0.019222473725676537,161,,,
0.020116182044148445,162,,,
0.02061307057738304,163,,,
0.01934671401977539,164,,,
0.02023388259112835,165,,,
0.020568570122122765,166,,,
0.0202312208712101,167,,,
0.02186102792620659,168,,,
0.01912626437842846,169,,,
0.01882839761674404,170,,,
0.01944214105606079,171,,,
0.02032448723912239,172,,,
0.01915629394352436,173,,,
0.01892090030014515,174,,,
0.020026564598083496,175,,,
0.01962701790034771,176,,,
0.02063611149787903,177,,,
0.020736396312713623,178,,,
0.019180646166205406,179,,,
0.018775925040245056,180,,,
0.020522374659776688,181,,,
0.019137129187583923,182,,,
0.018698176369071007,183,,,
0.019124740734696388,184,,,
0.01909237913787365,185,,,
0.018063770607113838,186,,,
0.023271270096302032,187,,,
0.019487544894218445,188,,,
0.019259439781308174,189,,,
0.019419530406594276,190,,,
0.018551073968410492,191,,,
0.0209601242095232,192,,,
0.019521106034517288,193,,,
0.01968962699174881,194,,,
0.01932699978351593,195,,,
0.01913018710911274,196,,,
0.019734904170036316,197,,,
0.022759443148970604,198,,,
0.01892227679491043,199,,,
0.01995992287993431,200,,,
0.019281255081295967,201,,,
0.020106583833694458,202,,,
0.019026685506105423,203,,,
0.020387476310133934,204,,,
0.01845010742545128,205,,,
0.019536592066287994,206,,,
0.019099805504083633,207,,,
0.021929187700152397,208,,,
0.019143754616379738,209,,,
0.0197768397629261,210,,,
0.019246835261583328,211,,,
0.019703926518559456,212,,,
0.019578786566853523,213,,,
0.01851673424243927,214,,,
0.02019347995519638,215,,,
0.020664479583501816,216,,,
0.019734755158424377,217,,,
0.02072972059249878,218,,,
0.018832700327038765,219,,,
0.01953703723847866,220,,,
0.01926329731941223,221,,,
0.019818425178527832,222,,,
0.018134376034140587,223,,,
0.021080097183585167,224,,,
0.019281398504972458,225,,,
0.019868897274136543,226,,,
0.019711455330252647,227,,,
0.019136451184749603,228,,,
0.020190389826893806,229,,,
0.02063274383544922,230,,,
0.018376154825091362,231,,,
0.02031640149652958,232,,,
0.019323905929923058,233,,,
0.019428536295890808,234,,,
0.020608944818377495,235,,,
0.018673697486519814,236,,,
0.0240069217979908,237,,,
0.019934475421905518,238,,,
0.018846796825528145,239,,,
0.020210670307278633,240,,,
0.018881475552916527,241,,,
0.019433246925473213,242,,,
0.019911566749215126,243,,,
0.019084129482507706,244,,,
0.02301424741744995,245,,,
0.018820680677890778,246,,,
0.01865832693874836,247,,,
0.01988440379500389,248,,,
0.019637934863567352,249,,,
0.020483871921896935,250,,,
0.01891605369746685,251,,,
0.019679531455039978,252,,,
0.019250797107815742,253,,,
0.01830708608031273,254,,,
0.018418407067656517,255,,,
0.018941018730401993,256,,,
0.020258096978068352,257,,,
0.018670527264475822,258,,,
0.019598303362727165,259,,,
0.02144860103726387,260,,,
0.018076784908771515,261,,,
0.02198057435452938,262,,,
0.01983882486820221,263,,,
0.019997360184788704,264,,,
0.019014837220311165,265,,,
0.019906535744667053,266,,,
0.019245460629463196,267,,,
0.01876293309032917,268,,,
0.018276767805218697,269,,,
0.020597001537680626,270,,,
0.02034979872405529,271,,,
0.021942172199487686,272,,,
0.01936717890202999,273,,,
0.019177980720996857,274,,,
0.022053290158510208,275,,,
0.01910894177854061,276,,,
0.021130060777068138,277,,,
0.02003461681306362,278,,,
0.020250536501407623,279,,,
0.019642703235149384,280,,,
0.02059602364897728,281,,,
0.020070193335413933,282,,,
0.01900871843099594,283,,,
0.02010204643011093,284,,,
0.01851791888475418,285,,,
0.019493361935019493,286,,,
0.01926335319876671,287,,,
0.022297890856862068,288,,,
0.019732628017663956,289,,,
0.020045986399054527,290,,,
0.02061864174902439,291,,,
0.018634768202900887,292,,,
0.01974324882030487,293,,,
0.019477663561701775,294,,,
0.019825851544737816,295,,,
0.018404783681035042,296,,,
0.019049329683184624,297,,,
0.019917020574212074,298,,,
0.019239652901887894,299,,,
0.019896291196346283,300,,,
0.02052663080394268,301,,,
0.019014529883861542,302,,,
0.019829420372843742,303,,,
0.01867285557091236,304,,,
0.019120292738080025,305,,,
0.021231019869446754,306,,,
0.019560178741812706,307,,,
0.02051824890077114,308,,,
0.019663169980049133,309,,,
0.019091622903943062,310,,,
0.01960538513958454,311,,,
0.019582297652959824,312,,,
0.019378377124667168,313,,,
0.019937146455049515,314,,,
0.020592249929904938,315,,,
0.019384242594242096,316,,,
0.02079908177256584,317,,,
0.020257310941815376,318,,,
0.018581829965114594,319,,,
0.019218716770410538,320,,,
0.019809097051620483,321,,,
0.01940886490046978,322,,,
0.01945805549621582,323,,,
0.021574130281805992,324,,,
0.02055935002863407,325,,,
0.019062768667936325,326,,,
0.019377654418349266,327,,,
0.019389377906918526,328,,,
0.020215464755892754,329,,,
0.02013986185193062,330,,,
0.020245783030986786,331,,,
0.019338339567184448,332,,,
0.01914423704147339,333,,,
0.019494464620947838,334,,,
0.020097268745303154,335,,,
0.019390324130654335,336,,,
0.020121091976761818,337,,,
0.019092772156000137,338,,,
0.019336065277457237,339,,,
0.020716167986392975,340,,,
0.020653072744607925,341,,,
0.019856855273246765,342,,,
0.019009793177247047,343,,,
0.019343441352248192,344,,,
0.01856805756688118,345,,,
0.018102513626217842,346,,,
0.020439883694052696,347,,,
0.019728178158402443,348,,,
0.018840540200471878,349,,,
0.019962677732110023,350,,,
0.019154904410243034,351,,,
0.019955666735768318,352,,,
0.02023235522210598,353,,,
0.0198051780462265,354,,,
0.018964463844895363,355,,,
0.019473955035209656,356,,,
0.023973628878593445,357,,,
0.019393086433410645,358,,,
0.018768280744552612,359,,,
0.01860516518354416,360,,,
0.020381946116685867,361,,,
0.019443342462182045,362,,,
0.020794888958334923,363,,,
0.02116156928241253,364,,,
0.022810768336057663,365,,,
0.02272885851562023,366,,,
0.023179084062576294,367,,,
0.018713580444455147,368,,,
0.01948973722755909,369,,,
0.019382737576961517,370,,,
0.018851423636078835,371,,,
0.019944848492741585,372,,,
0.02024655044078827,373,,,
0.020497113466262817,374,,,
0.019070839509367943,375,,,
0.02155129238963127,376,,,
0.020556407049298286,377,,,
0.01835845597088337,378,,,
0.018577950075268745,379,,,
0.019832642748951912,380,,,
0.01972879283130169,381,,,
0.019569993019104004,382,,,
0.018910976126790047,383,,,
0.019775286316871643,384,,,
0.020178653299808502,385,,,
0.0204134713858366,386,,,
0.01933133229613304,387,,,
0.019224373623728752,388,,,
0.02024056576192379,389,,,
0.0196071807295084,390,,,
0.020729271695017815,391,,,
0.019579416140913963,392,,,
0.018500354140996933,393,,,
0.0205647312104702,394,,,
0.01992027461528778,395,,,
0.0196197759360075,396,,,
0.02039322629570961,397,,,
0.01870097778737545,398,,,
0.017788177356123924,399,,,
0.01947842352092266,400,,,
0.021473824977874756,401,,,
0.019426479935646057,402,,,
0.01944199576973915,403,,,
0.019586779177188873,404,,,
0.018243756145238876,405,,,
0.021411295980215073,406,,,
0.02049267664551735,407,,,
0.019168177619576454,408,,,
0.019068876281380653,409,,,
0.02108520083129406,410,,,
0.021014366298913956,411,,,
0.020126163959503174,412,,,
0.01930665411055088,413,,,
0.018338369205594063,414,,,
0.018881669268012047,415,,,
0.01883050426840782,416,,,
0.019107507541775703,417,,,
0.01886763982474804,418,,,
0.019659262150526047,419,,,
0.019315985962748528,420,,,
0.01974090188741684,421,,,
0.02328186295926571,422,,,
0.01894271746277809,423,,,
0.019775573164224625,424,,,
0.02168019860982895,425,,,
0.019526904448866844,426,,,
0.019380591809749603,427,,,
0.02029634639620781,428,,,
0.02070363610982895,429,,,
0.018501855432987213,430,,,
0.02033420465886593,431,,,
0.02027701959013939,432,,,
0.024978183209896088,433,,,
0.019067827612161636,434,,,
0.01996402069926262,435,,,
0.019585873931646347,436,,,
0.020606383681297302,437,,,
0.019278457388281822,438,,,
0.019144166260957718,439,,,
0.01943623460829258,440,,,
0.019728858023881912,441,,,
0.020675895735621452,442,,,
0.019286135211586952,443,,,
0.018392056226730347,444,,,
0.019892549142241478,445,,,
0.020397264510393143,446,,,
0.020004283636808395,447,,,
0.02300575003027916,448,,,
0.021869385614991188,449,,,
0.019916679710149765,450,,,
0.018277518451213837,451,,,
0.01943875104188919,452,,,
0.018785538151860237,453,,,
0.019042469561100006,454,,,
0.02030372992157936,455,,,
0.01859290525317192,456,,,
0.02163703367114067,457,,,
0.019313521683216095,458,,,
0.01985939033329487,459,,,
0.020166786387562752,460,,,
0.020024243742227554,461,,,
0.018415790051221848,462,,,
0.019307158887386322,463,,,
0.021406665444374084,464,,,
0.01890566013753414,465,,,
0.018522880971431732,466,,,
0.01995401829481125,467,,,
0.018912941217422485,468,,,
0.019297266378998756,469,,,
0.02243148721754551,470,,,
0.02051340602338314,471,,,
0.01960570178925991,472,,,
0.019131051376461983,473,,,
0.01828448288142681,474,,,
0.019676297903060913,475,,,
0.019273754209280014,476,,,
0.0195047315210104,477,,,
0.019841311499476433,478,,,
0.020219067111611366,479,,,
0.023443253710865974,480,,,
0.020265936851501465,481,,,
0.02223888412117958,482,,,
0.01879730448126793,483,,,
0.020338043570518494,484,,,
0.020235713571310043,485,,,
0.02296227402985096,486,,,
0.018920637667179108,487,,,
0.019375110045075417,488,,,
0.019190030172467232,489,,,
0.019167127087712288,490,,,
0.01845109835267067,491,,,
0.019150083884596825,492,,,
0.01915847323834896,493,,,
0.02115512266755104,494,,,
0.019334619864821434,495,,,
0.019102908670902252,496,,,
0.019545719027519226,497,,,
0.0190987940877676,498,,,
0.01835142821073532,499,,,
0.01907038688659668,500,,,
0.01794820837676525,501,,,
0.019906511530280113,502,,,
0.020184898748993874,503,,,
0.019377874210476875,504,,,
0.019525406882166862,505,,,
0.018538720905780792,506,,,
0.02123303897678852,507,,,
0.019005125388503075,508,,,
0.020096207037568092,509,,,
0.01905214414000511,510,,,
0.019608359783887863,511,,,
0.020045610144734383,512,,,
0.020759625360369682,513,,,
0.0193922221660614,514,,,
0.020482325926423073,515,,,
0.01932499185204506,516,,,
0.019058292731642723,517,,,
0.02098328433930874,518,,,
0.019718607887625694,519,,,
0.018380681052803993,520,,,
0.01936057023704052,521,,,
0.018669500946998596,522,,,
0.01904359459877014,523,,,
0.01847916655242443,524,,,
0.018487174063920975,525,,,
0.020899904891848564,526,,,
0.020972883328795433,527,,,
0.021060923114418983,528,,,
0.020952118560671806,529,,,
0.02046537958085537,530,,,
0.020571494475007057,531,,,
0.019954975694417953,532,,,
0.019308332353830338,533,,,
0.021918272599577904,534,,,
0.019865570589900017,535,,,
0.018785491585731506,536,,,
0.020605292171239853,537,,,
0.02001233585178852,538,,,
0.020814349874854088,539,,,
0.02064993791282177,540,,,
0.01900116726756096,541,,,
0.019103089347481728,542,,,
0.024369869381189346,543,,,
0.021643126383423805,544,,,
0.018999390304088593,545,,,
0.02046663500368595,546,,,
0.020357392728328705,547,,,
0.020478175953030586,548,,,
0.018766656517982483,549,,,
0.020840127021074295,550,,,
0.01929127238690853,551,,,
0.021035922691226006,552,,,
0.019094116985797882,553,,,
0.019562486559152603,554,,,
0.02144579216837883,555,,,
0.02042924240231514,556,,,
0.019689328968524933,557,,,
0.01945054531097412,558,,,
0.019707953557372093,559,,,
0.020501933991909027,560,,,
0.019001051783561707,561,,,
0.019078154116868973,562,,,
0.01868373528122902,563,,,
0.019664915278553963,564,,,
0.019563479349017143,565,,,
0.01903931237757206,566,,,
0.019845014438033104,567,,,
0.01925397664308548,568,,,
0.021688655018806458,569,,,
0.01819787546992302,570,,,
0.01879044808447361,571,,,
0.0184810571372509,572,,,
0.02009730041027069,573,,,
0.01856882870197296,574,,,
0.020521750673651695,575,,,
0.01936502382159233,576,,,
0.019646551460027695,577,,,
0.019258607178926468,578,,,
0.02026153728365898,579,,,
0.018313417211174965,580,,,
0.018962450325489044,581,,,
0.018837982788681984,582,,,
0.02059682458639145,583,,,
0.01928333006799221,584,,,
0.01838977076113224,585,,,
0.019584832713007927,586,,,
0.02104542963206768,587,,,
0.019219782203435898,588,,,
0.018173715099692345,589,,,
0.018752586096525192,590,,,
0.020082172006368637,591,,,
0.01987854577600956,592,,,
0.01945122890174389,593,,,
0.019646544009447098,594,,,
0.018933622166514397,595,,,
0.01938735879957676,596,,,
0.01962658390402794,597,,,
0.019529063254594803,598,,,
0.019718358293175697,599,,,
0.01872197911143303,600,,,
0.019554218277335167,601,,,
0.0184091217815876,602,,,
0.01934865675866604,603,,,
0.02201850712299347,604,,,
0.019667642191052437,605,,,
0.018664320930838585,606,,,
0.019605107605457306,607,,,
0.020226113498210907,608,,,
0.01845010556280613,609,,,
0.019415073096752167,610,,,
0.019178278744220734,611,,,
0.019369659945368767,612,,,
0.021632233634591103,613,,,
0.021053573116660118,614,,,
0.019757965579628944,615,,,
0.020105302333831787,616,,,
0.019975921139121056,617,,,
0.018387731164693832,618,,,
0.019305437803268433,619,,,
0.019990941509604454,620,,,
0.01901112124323845,621,,,
0.019465629011392593,622,,,
0.02038818597793579,623,,,
0.01975024864077568,624,,,
0.021416839212179184,625,,,
0.02024654857814312,626,,,
0.020353185012936592,627,,,
0.02014104276895523,628,,,
0.020914357155561447,629,,,
0.0203862264752388,630,,,
0.020763197913765907,631,,,
0.01969466358423233,632,,,
0.018606338649988174,633,,,
0.019410675391554832,634,,,
0.01923299953341484,635,,,
0.019227132201194763,636,,,
0.02492693066596985,637,,,
0.019356530159711838,638,,,
0.018988970667123795,639,,,
0.019804950803518295,640,,,
0.02344641461968422,641,,,
0.020745091140270233,642,,,
0.020594313740730286,643,,,
0.01940929889678955,644,,,
0.01988917961716652,645,,,
0.0202861987054348,646,,,
0.021083738654851913,647,,,
0.018886353820562363,648,,,
0.018748247995972633,649,,,
0.019053827971220016,650,,,
0.018563808873295784,651,,,
0.019610783085227013,652,,,
0.01843941956758499,653,,,
0.02057362161576748,654,,,
0.020155910402536392,655,,,
0.021392030641436577,656,,,
0.02015126869082451,657,,,
0.01901547610759735,658,,,
0.020110558718442917,659,,,
0.01924171857535839,660,,,
0.018885228782892227,661,,,
0.018138743937015533,662,,,
0.019740590825676918,663,,,
0.018451329320669174,664,,,
0.02003513276576996,665,,,
0.020589370280504227,666,,,
0.020841429010033607,667,,,
0.020242860540747643,668,,,
0.019436722621321678,669,,,
0.018862564116716385,670,,,
0.020014207810163498,671,,,
0.020814206451177597,672,,,
0.019041894003748894,673,,,
0.018869390711188316,674,,,
0.0186424870043993,675,,,
0.021667489781975746,676,,,
0.024751078337430954,677,,,
0.019820954650640488,678,,,
0.019793588668107986,679,,,
0.02569740079343319,680,,,
0.019205156713724136,681,,,
0.01875888928771019,682,,,
0.019659606739878654,683,,,
0.020813141018152237,684,,,
0.01966048590838909,685,,,
0.020264945924282074,686,,,
0.01848585717380047,687,,,
0.020372578874230385,688,,,
0.01837133802473545,689,,,
0.019534509629011154,690,,,
0.018495604395866394,691,,,
0.01818433403968811,692,,,
0.01886683516204357,693,,,
0.021024387329816818,694,,,
0.021752966567873955,695,,,
0.01847102865576744,696,,,
0.020397160202264786,697,,,
0.019792700186371803,698,,,
0.019091138616204262,699,,,
0.020179403945803642,700,,,
0.021367695182561874,701,,,
0.020415382459759712,702,,,
0.020441029220819473,703,,,
0.018923886120319366,704,,,
0.02026909776031971,705,,,
0.018839139491319656,706,,,
0.020366216078400612,707,,,
0.018998241052031517,708,,,
0.02069871686398983,709,,,
0.021647464483976364,710,,,
0.01913571171462536,711,,,
0.02025226689875126,712,,,
0.02063758112490177,713,,,
0.01978948712348938,714,,,
0.019386572763323784,715,,,
0.019699370488524437,716,,,
0.020053530111908913,717,,,
0.019939614459872246,718,,,
0.01948053576052189,719,,,
0.01832188293337822,720,,,
0.01908150687813759,721,,,
0.018421808257699013,722,,,
0.01922512799501419,723,,,
0.01831105723977089,724,,,
0.01956775411963463,725,,,
0.018487712368369102,726,,,
0.01896706223487854,727,,,
0.019254088401794434,728,,,
0.018923940137028694,729,,,
0.019376715645194054,730,,,
0.019948860630393028,731,,,
0.01837763376533985,732,,,
0.019093820825219154,733,,,
0.02085910178720951,734,,,
0.020226284861564636,735,,,
0.021696055307984352,736,,,
0.01960219442844391,737,,,
0.019963618367910385,738,,,
0.02005857788026333,739,,,
0.019314175471663475,740,,,
0.01839473657310009,741,,,
0.018706100061535835,742,,,
0.018981507048010826,743,,,
0.019340304657816887,744,,,
0.018328869715332985,745,,,
0.01938118226826191,746,,,
0.018955135717988014,747,,,
0.018820641562342644,748,,,
0.019511165097355843,749,,,
0.018778283149003983,750,,,
0.02266647480428219,751,,,
0.01941114105284214,752,,,
0.018596101552248,753,,,
0.019627297297120094,754,,,
0.019720222800970078,755,,,
0.01883598603308201,756,,,
0.019569650292396545,757,,,
0.018798986449837685,758,,,
0.019945325329899788,759,,,
0.019746968522667885,760,,,
0.019175147637724876,761,,,
0.018875233829021454,762,,,
0.021396849304437637,763,,,
0.0187956765294075,764,,,
0.018878314644098282,765,,,
0.019883057102560997,766,,,
0.018468720838427544,767,,,
0.01949257031083107,768,,,
0.01956302300095558,769,,,
0.020153136923909187,770,,,
0.02011960931122303,771,,,
0.023384572938084602,772,,,
0.019724847748875618,773,,,
0.02332526259124279,774,,,
0.01885635033249855,775,,,
0.019503695890307426,776,,,
0.019495781511068344,777,,,
0.019403746351599693,778,,,
0.01977876015007496,779,,,
0.01924487017095089,780,,,
0.019426429644227028,781,,,
0.020710911601781845,782,,,
0.019788049161434174,783,,,
0.020637236535549164,784,,,
0.02039828896522522,785,,,
0.01980305276811123,786,,,
0.019656522199511528,787,,,
0.02269783988595009,788,,,
0.019767235964536667,789,,,
0.0200166217982769,790,,,
0.020535828545689583,791,,,
0.019286129623651505,792,,,
0.019105125218629837,793,,,
0.020698875188827515,794,,,
0.020597636699676514,795,,,
0.02034412883222103,796,,,
0.018569620326161385,797,,,
0.019989723339676857,798,,,
0.019626133143901825,799,,,
0.022038666531443596,800,,,
0.021017782390117645,801,,,
0.02071033976972103,802,,,
0.021819934248924255,803,,,
0.018804389983415604,804,,,
0.01911953277885914,805,,,
0.01908721961081028,806,,,
0.01987767033278942,807,,,
0.019225768744945526,808,,,
0.02014395222067833,809,,,
0.019543375819921494,810,,,
0.018628133460879326,811,,,
0.020715463906526566,812,,,
0.018659362569451332,813,,,
0.020039433613419533,814,,,
0.020124537870287895,815,,,
0.019948553293943405,816,,,
0.018894042819738388,817,,,
0.019902493804693222,818,,,
0.020254693925380707,819,,,
0.018945777788758278,820,,,
0.01939687505364418,821,,,
0.018596934154629707,822,,,
0.01949325203895569,823,,,
0.023637456819415092,824,,,
0.017969947308301926,825,,,
0.019923744723200798,826,,,
0.019183460623025894,827,,,
0.019408034160733223,828,,,
0.019452320411801338,829,,,
0.019416697323322296,830,,,
0.018507394939661026,831,,,
0.01859581284224987,832,,,
0.02098125033080578,833,,,
0.019167449325323105,834,,,
0.023231863975524902,835,,,
0.020043576136231422,836,,,
0.01980624906718731,837,,,
0.018639996647834778,838,,,
0.020305387675762177,839,,,
0.023675687611103058,840,,,
0.01977013424038887,841,,,
0.019083203747868538,842,,,
0.019739754498004913,843,,,
0.020862795412540436,844,,,
0.019967293366789818,845,,,
0.020089536905288696,846,,,
0.020925329998135567,847,,,
0.01863720268011093,848,,,
0.020391248166561127,849,,,
0.019348550587892532,850,,,
0.018621593713760376,851,,,
0.02172871306538582,852,,,
0.018645750358700752,853,,,
0.01883379928767681,854,,,
0.018593935295939445,855,,,
0.018948238343000412,856,,,
0.018995119258761406,857,,,
0.01932116225361824,858,,,
0.023644598200917244,859,,,
0.019554371014237404,860,,,
0.019295211881399155,861,,,
0.01993260160088539,862,,,
0.01905522495508194,863,,,
0.01959986612200737,864,,,
0.018637076020240784,865,,,
0.019274644553661346,866,,,
0.019571365788578987,867,,,
0.018761731684207916,868,,,
0.02048119530081749,869,,,
0.021878676488995552,870,,,
0.02020432986319065,871,,,
0.019223777577280998,872,,,
0.019401922821998596,873,,,
0.019443770870566368,874,,,
0.019624847918748856,875,,,
0.01936161145567894,876,,,
0.01921345293521881,877,,,
0.019293799996376038,878,,,
0.018711373209953308,879,,,
0.019452715292572975,880,,,
0.020699910819530487,881,,,
0.018990302458405495,882,,,
0.021141262724995613,883,,,
0.019565267488360405,884,,,
0.019943173974752426,885,,,
0.018844956532120705,886,,,
0.01888822205364704,887,,,
0.02035403810441494,888,,,
0.01908593252301216,889,,,
0.018562069162726402,890,,,
0.019539454951882362,891,,,
0.019300445914268494,892,,,
0.019385360181331635,893,,,
0.019460612908005714,894,,,
0.020329393446445465,895,,,
0.01905865967273712,896,,,
0.019623201340436935,897,,,
0.019914479926228523,898,,,
0.0179340448230505,899,,,
0.020648151636123657,900,,,
0.019823912531137466,901,,,
0.01886620558798313,902,,,
0.01998438499867916,903,,,
0.01912064664065838,904,,,
0.02028971165418625,905,,,
0.019913794472813606,906,,,
0.019544502720236778,907,,,
0.01895161345601082,908,,,
0.019338097423315048,909,,,
0.020924532786011696,910,,,
0.019862540066242218,911,,,
0.01846366934478283,912,,,
0.019300490617752075,913,,,
0.019056394696235657,914,,,
0.02192344143986702,915,,,
0.02138046734035015,916,,,
0.02046382986009121,917,,,
0.019286666065454483,918,,,
0.018177611753344536,919,,,
0.018895817920565605,920,,,
0.020466366782784462,921,,,
0.01899075321853161,922,,,
0.02066340669989586,923,,,
0.020198987796902657,924,,,
0.020262880250811577,925,,,
0.019334429875016212,926,,,
0.019065966829657555,927,,,
0.020045973360538483,928,,,
0.02071573957800865,929,,,
0.020230626687407494,930,,,
0.020316263660788536,931,,,
0.01963871344923973,932,,,
0.019522033631801605,933,,,
0.019343119114637375,934,,,
0.01910620927810669,935,,,
0.020277291536331177,936,,,
0.01897847093641758,937,,,
0.0201429333537817,938,,,
0.018798626959323883,939,,,
0.021936848759651184,940,,,
0.01837531104683876,941,,,
0.02043759636580944,942,,,
0.019476396963000298,943,,,
0.018982483074069023,944,,,
0.020175935700535774,945,,,
0.018568605184555054,946,,,
0.020351208746433258,947,,,
0.018616188317537308,948,,,
0.02084183506667614,949,,,
0.01993856579065323,950,,,
0.020809689536690712,951,,,
0.019003665074706078,952,,,
0.018768664449453354,953,,,
0.019874082878232002,954,,,
0.019421430304646492,955,,,
0.01957126520574093,956,,,
0.017993558198213577,957,,,
0.02166936546564102,958,,,
0.018237801268696785,959,,,
0.020584339275956154,960,,,
0.018006527796387672,961,,,
0.019234688952565193,962,,,
0.01884816773235798,963,,,
0.019866833463311195,964,,,
0.02029925398528576,965,,,
0.019778674468398094,966,,,
0.019272981211543083,967,,,
0.01977718621492386,968,,,
0.0194037277251482,969,,,
0.019489215686917305,970,,,
0.018771281465888023,971,,,
0.01964017003774643,972,,,
0.019975678995251656,973,,,
0.019273072481155396,974,,,
0.019880259409546852,975,,,
0.0194285586476326,976,,,
0.01948581635951996,977,,,
0.020832156762480736,978,,,
0.020107731223106384,979,,,
0.01864098757505417,980,,,
0.020071711391210556,981,,,
0.019018681719899178,982,,,
0.018164677545428276,983,,,
0.021711422130465508,984,,,
0.01848672889173031,985,,,
0.019569549709558487,986,,,
0.019240451976656914,987,,,
0.02020060084760189,988,,,
0.019356543198227882,989,,,
0.020101549103856087,990,,,
0.01875981315970421,991,,,
0.019642258062958717,992,,,
0.02085021696984768,993,,,
0.019418342038989067,994,,,
0.020055493339896202,995,,,
0.020553193986415863,996,,,
0.019471177831292152,997,,,
0.019163694232702255,998,,,
0.02034120447933674,999,,,
0.019866229966282845,1000,,,
0.018260017037391663,1001,,,
0.0180874764919281,1002,,,
0.02018648013472557,1003,,,
0.019220318645238876,1004,,,
0.02108992636203766,1005,,,
0.02052977681159973,1006,,,
0.020747903734445572,1007,,,
0.01891370303928852,1008,,,
0.02252737246453762,1009,,,
0.020511146634817123,1010,,,
0.02283141203224659,1011,,,
0.02075636200606823,1012,,,
0.02111091837286949,1013,,,
0.021206002682447433,1014,,,
0.01905268430709839,1015,,,
0.020273758098483086,1016,,,
0.022781653329730034,1017,,,
0.019808335229754448,1018,,,
0.01918799616396427,1019,,,
0.02010580711066723,1020,,,
0.018712196499109268,1021,,,
0.01991961896419525,1022,,,
0.0193095114082098,1023,,,
0.019584456458687782,1024,,,
0.019892506301403046,1025,,,
0.0180398877710104,1026,,,
0.02325400337576866,1027,,,
0.019071711227297783,1028,,,
0.020223058760166168,1029,,,
0.01966477371752262,1030,,,
0.019817015156149864,1031,,,
0.020590772852301598,1032,,,
0.020439064130187035,1033,,,
0.020340031012892723,1034,,,
0.020178282633423805,1035,,,
0.019306723028421402,1036,,,
0.01998608373105526,1037,,,
0.019169406965374947,1038,,,
0.01945302076637745,1039,,,
0.018826356157660484,1040,,,
0.019296351820230484,1041,,,
0.020687749609351158,1042,,,
0.020513050258159637,1043,,,
0.018900590017437935,1044,,,
0.019644342362880707,1045,,,
0.018981250002980232,1046,,,
0.019356347620487213,1047,,,
0.01877555437386036,1048,,,
0.01931885816156864,1049,,,
0.0197150856256485,1050,,,
0.018928835168480873,1051,,,
0.01926739700138569,1052,,,
0.019977714866399765,1053,,,
0.01982903480529785,1054,,,
0.019090911373496056,1055,,,
0.019514145329594612,1056,,,
0.018733147531747818,1057,,,
0.021156663075089455,1058,,,
0.018625717610120773,1059,,,
0.02106022648513317,1060,,,
0.018992479890584946,1061,,,
0.019478175789117813,1062,,,
0.018416089937090874,1063,,,
0.02022671140730381,1064,,,
0.021358026191592216,1065,,,
0.018011199310421944,1066,,,
0.019906233996152878,1067,,,
0.019036125391721725,1068,,,
0.019647713750600815,1069,,,
0.02284233644604683,1070,,,
0.01928981952369213,1071,,,
0.020703116431832314,1072,,,
0.020670726895332336,1073,,,
0.019421575590968132,1074,,,
0.018695969134569168,1075,,,
0.019691461697220802,1076,,,
0.02262086048722267,1077,,,
0.018468834459781647,1078,,,
0.019243696704506874,1079,,,
0.02062060683965683,1080,,,
0.01884755864739418,1081,,,
0.018610605970025063,1082,,,
0.018812650814652443,1083,,,
0.020090846344828606,1084,,,
0.020865458995103836,1085,,,
0.01993575319647789,1086,,,
0.018629176542162895,1087,,,
0.02099417895078659,1088,,,
0.019018737599253654,1089,,,
0.019102513790130615,1090,,,
0.01935199461877346,1091,,,
0.02067357674241066,1092,,,
0.02082655020058155,1093,,,
0.019561782479286194,1094,,,
0.019472066313028336,1095,,,
0.02023255079984665,1096,,,
0.020992709323763847,1097,,,
0.01940433867275715,1098,,,
0.02073633298277855,1099,,,
0.022702781483530998,1100,,,
0.020343128591775894,1101,,,
0.022187992930412292,1102,,,
0.02137645334005356,1103,,,
0.020177755504846573,1104,,,
0.019099567085504532,1105,,,
0.02113369107246399,1106,,,
0.020314235240221024,1107,,,
0.019267287105321884,1108,,,
0.019498856738209724,1109,,,
0.01979614980518818,1110,,,
0.019023336470127106,1111,,,
0.020906690508127213,1112,,,
0.02057475596666336,1113,,,
0.019123483449220657,1114,,,
0.01860787160694599,1115,,,
0.019131680950522423,1116,,,
0.019960880279541016,1117,,,
0.019048096612095833,1118,,,
0.020248670130968094,1119,,,
0.018857067450881004,1120,,,
0.0196442361921072,1121,,,
0.0204694252461195,1122,,,
0.019691763445734978,1123,,,
0.019116520881652832,1124,,,
0.02021748200058937,1125,,,
0.021208055317401886,1126,,,
0.019373027607798576,1127,,,
0.018790632486343384,1128,,,
0.019850630313158035,1129,,,
0.02018033340573311,1130,,,
0.019620073959231377,1131,,,
0.018497413024306297,1132,,,
0.018155444413423538,1133,,,
0.020275471732020378,1134,,,
0.019977552816271782,1135,,,
0.01989535428583622,1136,,,
0.019469300284981728,1137,,,
0.019706325605511665,1138,,,
0.02006811834871769,1139,,,
0.017956813797354698,1140,,,
0.018228448927402496,1141,,,
0.019250469282269478,1142,,,
0.019287383183836937,1143,,,
0.018778463825583458,1144,,,
0.019443660974502563,1145,,,
0.01948254555463791,1146,,,
0.018748492002487183,1147,,,
0.018730124458670616,1148,,,
0.02172413095831871,1149,,,
0.019533997401595116,1150,,,
0.01890355534851551,1151,,,
0.019044838845729828,1152,,,
0.018688159063458443,1153,,,
0.02150031365454197,1154,,,
0.020077893510460854,1155,,,
0.02065642550587654,1156,,,
0.019855959340929985,1157,,,
0.021918293088674545,1158,,,
0.0210484117269516,1159,,,
0.019595801830291748,1160,,,
0.018774718046188354,1161,,,
0.01974320225417614,1162,,,
0.019914912059903145,1163,,,
0.019037308171391487,1164,,,
0.019325030967593193,1165,,,
0.020875034853816032,1166,,,
0.01932629570364952,1167,,,
0.02331617660820484,1168,,,
0.018682269379496574,1169,,,
0.018892688676714897,1170,,,
0.019918177276849747,1171,,,
0.020066088065505028,1172,,,
0.020814454182982445,1173,,,
0.01979057490825653,1174,,,
0.020234327763319016,1175,,,
0.018806979060173035,1176,,,
0.019766662269830704,1177,,,
0.01808013580739498,1178,,,
0.02029982954263687,1179,,,
0.019553933292627335,1180,,,
0.019685253500938416,1181,,,
0.017937397584319115,1182,,,
0.017986256629228592,1183,,,
0.018272526562213898,1184,,,
0.020707515999674797,1185,,,
0.019883345812559128,1186,,,
0.018586469814181328,1187,,,
0.020215993747115135,1188,,,
0.019921617582440376,1189,,,
0.018896451219916344,1190,,,
0.01892990805208683,1191,,,
0.019301144406199455,1192,,,
0.01946152374148369,1193,,,
0.01849469356238842,1194,,,
0.01995086297392845,1195,,,
0.022576473653316498,1196,,,
0.019092252478003502,1197,,,
0.018949443474411964,1198,,,
0.0200034249573946,1199,,,
0.020540796220302582,1200,,,
0.020376192405819893,1201,,,
0.019382689148187637,1202,,,
0.019262561574578285,1203,,,
0.019281724467873573,1204,,,
0.01950949802994728,1205,,,
0.01872382126748562,1206,,,
0.019299760460853577,1207,,,
0.020658010616898537,1208,,,
0.019494811072945595,1209,,,
0.018643459305167198,1210,,,
0.01947370544075966,1211,,,
0.01904871314764023,1212,,,
0.020847948268055916,1213,,,
0.0195614080876112,1214,,,
0.019453799352049828,1215,,,
0.018940094858407974,1216,,,
0.01947784423828125,1217,,,
0.019909488037228584,1218,,,
0.020152447745203972,1219,,,
0.02029096893966198,1220,,,
0.02019575983285904,1221,,,
0.019551992416381836,1222,,,
0.019918454810976982,1223,,,
0.019198385998606682,1224,,,
0.020883679389953613,1225,,,
0.018860800191760063,1226,,,
0.018871987238526344,1227,,,
0.019361209124326706,1228,,,
0.02298535406589508,1229,,,
0.019676867872476578,1230,,,
0.01946033164858818,1231,,,
0.01953793130815029,1232,,,
0.019842511042952538,1233,,,
0.0196860209107399,1234,,,
0.01982080191373825,1235,,,
0.019828148186206818,1236,,,
0.019999930635094643,1237,,,
,4949,,0,0.019776729866862297
